resseq1	one_letter1	resseq2	one_letter2	CB_CB_dist_A	CA_CA_dist_A	avg_rel_ASA	min_dist_to_triad	proposed_mutation
233	N	282	S	3.869	4.519	0.359	10.35	N233C + S282C
58	S	59	R	4.654	3.731	0.6488	26.01	S58C + R59C
39	T	41	A	4.661	5.172	0.2964	26.71	T39C + A41C
31	S	264	N	4.665	4.817	0.2616	27.18	S31C + N264C
172	N	173	N	5.009	3.83	0.3342	18.34	N172C + N173C
46	S	47	A	5.021	3.851	0.4401	22.08	S46C + A47C
223	S	224	R	5.156	3.769	0.5018	21.47	S223C + R224C
95	K	242	S	5.239	6.223	0.343	12.21	K95C + S242C
188	S	190	N	5.263	5.62	0.3882	12.91	S188C + N190C
141	S	146	Y	5.28	5.535	0.4716	31.72	S141C + Y146C
31	S	33	M	5.282	5.886	0.3264	30.79	S31C + M33C
90	R	92	S	5.343	5.485	0.2774	12.14	R90C + S92C
212	N	213	S	5.39	3.86	0.4636	9.47	N212C + S213C
233	N	280	R	5.48	5.248	0.4437	10.35	N233C + R280C
187	S	188	S	5.482	3.856	0.502	11.21	S187C + S188C
92	S	95	K	5.49	5.037	0.3491	14.23	S92C + K95C
