resseq	resname	one_letter	ASA	relative_ASA	min_dist_to_catalytic	is_surface	near_active_site
30	GLY	G	93.9	0.9029	32.86	True	False
31	SER	S	41.76	0.2694	31.33	True	False
32	HIS	H	33.54	0.1497	30.35	False	False
33	MET	M	85.88	0.3834	30.79	True	False
34	ARG	R	7.66	0.0279	30.42	False	False
35	GLY	G	23.73	0.2281	31.19	False	False
36	PRO	P	67.51	0.4246	32.9	True	False
37	ASN	N	122.12	0.6262	32.6	True	False
38	PRO	P	20.63	0.1297	29.64	False	False
39	THR	T	50.57	0.294	29.02	True	False
40	ALA	A	15.7	0.1217	26.01	False	False
41	ALA	A	38.53	0.2987	26.71	True	False
42	SER	S	19.21	0.1239	27.04	False	False
43	LEU	L	0.0	0.0	23.71	False	False
44	GLU	E	62.96	0.2823	21.95	True	False
45	ALA	A	25.36	0.1966	23.55	False	False
46	SER	S	82.73	0.5338	22.08	True	False
47	ALA	A	44.69	0.3464	24.43	True	False
48	GLY	G	17.28	0.1661	26.27	False	False
49	PRO	P	57.78	0.3634	29.67	True	False
50	PHE	F	19.99	0.0833	29.21	False	False
51	THR	T	62.2	0.3616	29.59	True	False
52	VAL	V	32.43	0.1864	26.67	False	False
53	ARG	R	78.95	0.2881	27.07	True	False
54	SER	S	26.79	0.1728	24.76	False	False
55	PHE	F	24.15	0.1006	25.09	False	False
56	THR	T	75.8	0.4407	23.54	True	False
57	VAL	V	4.29	0.0246	23.71	False	False
58	SER	S	95.94	0.619	26.55	True	False
59	ARG	R	185.97	0.6787	26.01	True	False
60	PRO	P	35.12	0.2209	22.57	False	False
61	SER	S	50.26	0.3242	22.81	True	False
62	GLY	G	16.68	0.1604	20.29	False	False
63	TYR	Y	4.29	0.0163	17.55	False	False
64	GLY	G	35.1	0.3375	17.84	True	False
65	ALA	A	7.25	0.0562	18.59	False	False
66	GLY	G	0.0	0.0	18.43	False	False
67	THR	T	6.7	0.039	19.63	False	False
68	VAL	V	0.0	0.0	21.17	False	False
69	TYR	Y	11.8	0.0449	21.91	False	False
70	TYR	Y	12.19	0.0464	24.66	False	False
71	PRO	P	0.0	0.0	27.27	False	False
72	THR	T	34.71	0.2018	30.75	False	False
73	ASN	N	75.88	0.3891	32.56	True	False
74	ALA	A	0.0	0.0	30.77	False	False
75	GLY	G	72.07	0.6929	33.97	True	False
76	GLY	G	18.73	0.1801	32.8	False	False
77	THR	T	31.65	0.184	30.12	False	False
78	VAL	V	0.0	0.0	26.55	False	False
79	GLY	G	0.0	0.0	23.43	False	False
80	ALA	A	0.0	0.0	20.66	False	False
81	ILE	I	0.0	0.0	16.9	False	False
82	ALA	A	0.0	0.0	14.54	False	False
83	ILE	I	0.0	0.0	11.32	False	False
84	VAL	V	0.0	0.0	8.96	False	False
85	PRO	P	0.0	0.0	7.17	False	True
86	GLY	G	0.0	0.0	4.99	False	True
87	TYR	Y	69.05	0.2626	7.55	True	True
88	THR	T	35.55	0.2067	10.74	False	False
89	ALA	A	0.0	0.0	9.89	False	False
90	ARG	R	69.28	0.2529	12.14	True	False
91	GLN	Q	0.0	0.0	13.18	False	False
92	SER	S	46.79	0.3019	14.23	True	False
93	SER	S	12.08	0.0779	10.86	False	False
94	ILE	I	0.0	0.0	10.98	False	False
95	LYS	K	93.55	0.3964	14.71	True	False
96	TRP	W	7.13	0.025	16.06	False	False
97	TRP	W	0.0	0.0	15.2	False	False
98	GLY	G	0.0	0.0	17.58	False	False
99	PRO	P	43.34	0.2726	20.72	True	False
100	ARG	R	0.0	0.0	19.84	False	False
101	LEU	L	0.0	0.0	19.5	False	False
102	ALA	A	0.0	0.0	22.1	False	False
103	SER	S	2.42	0.0156	24.63	False	False
104	HIS	H	0.0	0.0	24.55	False	False
105	GLY	G	0.0	0.0	25.28	False	False
106	PHE	F	0.0	0.0	22.55	False	False
107	VAL	V	1.07	0.0062	22.11	False	False
108	VAL	V	0.0	0.0	18.55	False	False
109	ILE	I	3.62	0.0184	17.33	False	False
110	THR	T	0.0	0.0	14.63	False	False
111	ILE	I	0.0	0.0	14.08	False	False
112	ASP	D	1.21	0.0063	13.89	False	False
113	THR	T	2.14	0.0125	13.45	False	False
114	ASN	N	67.21	0.3447	16.65	True	False
115	SER	S	20.51	0.1323	15.41	False	False
116	THR	T	12.06	0.0701	12.75	False	False
117	LEU	L	70.04	0.3485	12.53	True	False
118	ASP	D	1.07	0.0056	12.02	False	False
119	GLN	Q	29.85	0.1327	10.43	False	False
120	PRO	P	0.0	0.0	8.86	False	False
121	SER	S	30.02	0.1937	12.45	False	False
122	SER	S	6.56	0.0424	13.38	False	False
123	ARG	R	0.0	0.0	10.67	False	False
124	SER	S	0.0	0.0	12.07	False	False
125	SER	S	29.22	0.1885	15.5	False	False
126	GLN	Q	0.0	0.0	15.0	False	False
127	GLN	Q	1.21	0.0054	13.71	False	False
128	MET	M	40.11	0.179	16.87	False	False
129	ALA	A	0.0	0.0	18.9	False	False
130	ALA	A	0.0	0.0	18.09	False	False
131	LEU	L	2.42	0.012	19.31	False	False
132	ARG	R	109.0	0.3978	22.29	True	False
133	GLN	Q	7.13	0.0317	23.17	False	False
134	VAL	V	1.21	0.0069	23.11	False	False
135	ALA	A	22.67	0.1758	25.52	False	False
136	SER	S	51.26	0.3307	27.58	True	False
137	LEU	L	7.25	0.036	27.86	False	False
138	ASN	N	11.96	0.0613	28.94	False	False
139	GLY	G	45.17	0.4344	31.84	True	False
140	THR	T	39.02	0.2268	32.75	False	False
141	SER	S	80.53	0.5196	35.6	True	False
142	SER	S	102.27	0.6598	34.87	True	False
143	SER	S	6.43	0.0415	31.33	False	False
144	PRO	P	39.44	0.2481	30.58	False	False
145	ILE	I	0.0	0.0	28.91	False	False
146	TYR	Y	111.4	0.4236	31.72	True	False
147	GLY	G	43.03	0.4138	32.25	True	False
148	LYS	K	14.04	0.0595	29.69	False	False
149	VAL	V	2.14	0.0123	27.2	False	False
150	ASP	D	3.49	0.0181	27.71	False	False
151	THR	T	14.47	0.0841	26.01	False	False
152	ALA	A	17.84	0.1383	26.25	False	False
153	ARG	R	1.21	0.0044	23.73	False	False
154	MET	M	18.83	0.084	20.1	False	False
155	GLY	G	0.0	0.0	16.65	False	False
156	VAL	V	0.0	0.0	13.02	False	False
157	MET	M	0.0	0.0	10.06	False	False
158	GLY	G	0.0	0.0	6.78	False	True
159	TRP	W	13.28	0.0466	3.8	False	True
160	SER	S	0.0	0.0	0.0	False	True
161	MET	M	10.87	0.0485	3.81	False	True
162	GLY	G	0.0	0.0	5.17	False	True
163	GLY	G	0.0	0.0	4.78	False	True
164	GLY	G	0.0	0.0	6.31	False	True
165	GLY	G	0.0	0.0	8.4	False	False
166	SER	S	0.0	0.0	9.54	False	False
167	LEU	L	0.0	0.0	10.66	False	False
168	ILE	I	14.49	0.0736	12.41	False	False
169	SER	S	0.0	0.0	13.91	False	False
170	ALA	A	0.0	0.0	15.22	False	False
171	ALA	A	25.07	0.1943	16.64	False	False
172	ASN	N	75.45	0.3869	18.34	True	False
173	ASN	N	54.86	0.2814	19.49	True	False
174	PRO	P	60.77	0.3822	20.78	True	False
175	SER	S	68.77	0.4437	22.59	True	False
176	LEU	L	6.9	0.0343	19.57	False	False
177	LYS	K	25.54	0.1082	20.5	False	False
178	ALA	A	0.0	0.0	17.29	False	False
179	ALA	A	0.0	0.0	13.55	False	False
180	ALA	A	0.0	0.0	11.56	False	False
181	PRO	P	0.0	0.0	7.72	False	True
182	GLN	Q	0.0	0.0	6.38	False	True
183	ALA	A	0.0	0.0	5.03	False	True
184	PRO	P	0.0	0.0	4.06	False	True
185	TRP	W	66.67	0.2339	4.57	False	True
186	ASP	D	18.21	0.0944	7.84	False	True
187	SER	S	101.72	0.6563	11.21	True	False
188	SER	S	53.9	0.3477	12.91	True	False
189	THR	T	31.04	0.1805	12.78	False	False
190	ASN	N	83.62	0.4288	15.62	True	False
191	PHE	F	10.87	0.0453	15.1	False	False
192	SER	S	45.56	0.294	18.7	True	False
193	SER	S	37.69	0.2432	19.82	False	False
194	VAL	V	0.0	0.0	17.86	False	False
195	THR	T	29.63	0.1723	20.51	False	False
196	VAL	V	0.0	0.0	18.64	False	False
197	PRO	P	0.0	0.0	18.43	False	False
198	THR	T	0.0	0.0	14.97	False	False
199	LEU	L	0.0	0.0	13.88	False	False
200	ILE	I	0.0	0.0	10.94	False	False
201	PHE	F	1.21	0.005	10.29	False	False
202	ALA	A	0.0	0.0	7.98	False	True
203	CYS	C	0.0	0.0	5.33	False	True
204	GLU	E	52.25	0.2343	5.67	False	True
205	ASN	N	86.94	0.4458	3.8	True	True
206	ASP	D	6.43	0.0333	0.0	False	True
207	SER	S	82.17	0.5301	3.82	True	True
208	ILE	I	87.85	0.4459	5.65	True	True
209	ALA	A	1.21	0.0094	5.96	False	True
210	PRO	P	44.68	0.281	4.97	True	True
211	VAL	V	4.83	0.0278	6.6	False	True
212	ASN	N	98.65	0.5059	9.47	True	False
213	SER	S	65.29	0.4213	10.41	True	False
214	SER	S	17.42	0.1124	9.68	False	False
215	ALA	A	0.0	0.0	9.53	False	False
216	LEU	L	8.45	0.0421	11.84	False	False
217	PRO	P	21.74	0.1367	14.25	False	False
218	ILE	I	0.0	0.0	12.3	False	False
219	TYR	Y	0.0	0.0	14.09	False	False
220	ASP	D	49.85	0.2583	17.29	True	False
221	SER	S	12.47	0.0804	17.2	False	False
222	MET	M	2.14	0.0096	17.75	False	False
223	SER	S	72.52	0.4679	21.47	True	False
224	ARG	R	146.79	0.5357	22.69	True	False
225	ASN	N	2.28	0.0117	21.1	False	False
226	ALA	A	3.39	0.0263	21.06	False	False
227	LYS	K	8.11	0.0344	18.02	False	False
228	GLN	Q	0.0	0.0	16.97	False	False
229	PHE	F	0.0	0.0	14.62	False	False
230	LEU	L	0.0	0.0	13.34	False	False
231	GLU	E	18.21	0.0817	10.16	False	False
232	ILE	I	1.21	0.0061	9.84	False	False
233	ASN	N	80.31	0.4119	10.35	True	False
234	GLY	G	39.14	0.3763	8.57	True	False
235	GLY	G	2.42	0.0232	6.58	False	True
236	SER	S	35.41	0.2285	3.84	False	True
237	HIS	H	1.21	0.0054	0.0	False	True
238	SER	S	36.45	0.2351	3.86	False	True
239	CYS	C	0.0	0.0	5.68	False	True
240	ALA	A	1.21	0.0094	7.96	False	True
241	ASN	N	11.51	0.059	8.81	False	False
242	SER	S	44.9	0.2897	12.21	True	False
243	GLY	G	53.63	0.5157	12.98	True	False
244	ASN	N	6.84	0.0351	10.89	False	False
245	SER	S	78.15	0.5042	13.03	True	False
246	ASN	N	9.82	0.0504	13.31	False	False
247	GLN	Q	18.71	0.0832	14.98	False	False
248	ALA	A	20.53	0.1591	18.04	False	False
249	LEU	L	6.04	0.03	16.7	False	False
250	ILE	I	1.21	0.0061	14.19	False	False
251	GLY	G	0.0	0.0	16.9	False	False
252	LYS	K	1.09	0.0046	19.57	False	False
253	LYS	K	0.0	0.0	18.1	False	False
254	GLY	G	0.0	0.0	16.11	False	False
255	VAL	V	0.0	0.0	19.34	False	False
256	ALA	A	0.0	0.0	21.29	False	False
257	TRP	W	0.0	0.0	19.12	False	False
258	MET	M	0.0	0.0	19.25	False	False
259	LYS	K	0.0	0.0	22.92	False	False
260	ARG	R	19.68	0.0718	23.82	False	False
261	PHE	F	3.62	0.0151	22.3	False	False
262	MET	M	0.0	0.0	22.37	False	False
263	ASP	D	0.0	0.0	25.8	False	False
264	ASN	N	49.49	0.2538	27.18	True	False
265	ASP	D	0.0	0.0	28.22	False	False
266	THR	T	88.37	0.5138	29.55	True	False
267	ARG	R	58.24	0.2126	30.19	False	False
268	TYR	Y	0.0	0.0	26.58	False	False
269	SER	S	1.07	0.0069	26.8	False	False
270	THR	T	37.3	0.2169	27.27	False	False
271	PHE	F	18.11	0.0755	24.55	False	False
272	ALA	A	0.0	0.0	22.05	False	False
273	CYS	C	5.36	0.0321	23.25	False	False
274	GLU	E	18.35	0.0823	23.86	False	False
275	ASN	N	65.6	0.3364	21.46	True	False
276	PRO	P	8.71	0.0548	20.92	False	False
277	ASN	N	123.38	0.6327	21.66	True	False
278	SER	S	17.57	0.1134	19.2	False	False
279	THR	T	86.8	0.5046	17.91	True	False
280	ARG	R	130.28	0.4755	15.01	True	False
281	VAL	V	22.64	0.1301	13.95	False	False
282	SER	S	47.43	0.306	12.67	True	False
283	ASP	D	34.03	0.1763	13.55	False	False
284	PHE	F	40.45	0.1686	16.13	False	False
285	ARG	R	51.79	0.189	17.92	False	False
286	THR	T	15.15	0.0881	20.56	False	False
287	ALA	A	9.66	0.0749	22.62	False	False
288	ASN	N	67.78	0.3476	24.66	True	False
289	CYS	C	7.66	0.0459	24.35	False	False
290	SER	S	40.13	0.2589	27.79	True	False
291	LEU	L	43.2	0.2149	28.77	False	False
292	GLU	E	180.54	0.8096	31.78	True	False
