cut_after_position	P1_amino_acid	P1prime_position	P1prime_amino_acid	local_context
3	F	4	P	MNFPRAS
9	L	10	M	ASRLMQAA
14	V	15	L	QAAVLGGL
15	L	16	G	AAVLGGLM
17	G	18	L	VLGGLMAV
18	L	19	M	LGGLMAVS
42	S	43	L	TAASLEAS
43	L	44	E	AASLEASA
49	P	50	F	SAGPFTVR
54	S	55	F	TVRSFTVS
101	L	102	A	GPRLASHG
105	G	106	F	ASHGFVVI
116	T	117	L	TNSTLDQP
117	L	118	D	NSTLDQPS
130	A	131	L	QMAALRQV
131	L	132	R	MAALRQVA
136	S	137	L	QVASLNGT
137	L	138	N	VASLNGTS
166	S	167	L	GGGSLISA
167	L	168	I	GGSLISAA
176	L	177	K	NPSLKAAA
190	N	191	F	SSTNFSSV
191	F	192	S	STNFSSVT
199	L	200	I	VPTLIFAC
200	I	201	F	PTLIFACE
201	F	202	A	TLIFACEN
216	L	217	P	SSALPIYD
228	Q	229	F	NAKQFLEI
230	L	231	E	KQFLEING
248	A	249	L	SNQALIGK
249	L	250	I	NQALIGKK
270	T	271	F	RYSTFACE
271	F	272	A	YSTFACEN
283	D	284	F	RVSDFRTA
284	F	285	R	VSDFRTAN
